id,message,expiryTimestamp
869,Hello at 2025-06-27T05:08:06.794Z,2025-07-11T05:08:06.794Z
870,Hello at 2025-06-28T05:07:09.466Z,2025-07-12T05:07:09.466Z
871,Hello at 2025-06-29T05:09:15.923Z,2025-07-13T05:09:15.923Z
872,Hello at 2025-06-30T05:08:49.104Z,2025-07-14T05:08:49.104Z
873,Hello at 2025-07-01T05:26:52.640Z,2025-07-15T05:26:52.640Z
874,Hello at 2025-07-02T05:26:40.620Z,2025-07-16T05:26:40.620Z
875,Hello at 2025-07-03T05:26:58.963Z,2025-07-17T05:26:58.964Z
876,Hello at 2025-07-04T05:26:10.467Z,2025-07-18T05:26:10.467Z
877,Hello at 2025-07-05T05:23:07.836Z,2025-07-19T05:23:07.836Z
878,Hello at 2025-07-06T05:23:45.096Z,2025-07-20T05:23:45.096Z
879,Hello at 2025-07-07T05:27:24.319Z,2025-07-21T05:27:24.319Z
880,Hello at 2025-07-08T05:24:57.345Z,2025-07-22T05:24:57.345Z
881,Hello at 2025-07-09T05:28:08.419Z,2025-07-23T05:28:08.419Z
882,Hello at 2025-07-10T05:26:59.807Z,2025-07-24T05:26:59.807Z
